<?xml version="1.0"?>
<!DOCTYPE hibernate-mapping PUBLIC "-//Hibernate/Hibernate Mapping DTD 3.0//EN"
"http://www.hibernate.org/dtd/hibernate-mapping-3.0.dtd">
<!-- Generated May 9, 2018 7:46:51 AM by Hibernate Tools 4.3.1 -->
<hibernate-mapping>
    <class name="model.POJO.Cthd" table="CTHD" schema="TOAN" optimistic-lock="version">
        <composite-id name="id" class="model.POJO.CthdId">
            <key-property name="stt" type="int">
                <column name="STT" />
            </key-property>
            <key-property name="hoadonid" type="string">
                <column name="HOADONID" length="10" />
            </key-property>
        </composite-id>
        <property name="sanphamid" type="string">
            <column name="SANPHAMID" length="10" not-null="true" />
        </property>
        <property name="soluong" type="int">
            <column name="SOLUONG" not-null="true" />
        </property>
        <property name="giaban" type="int">
            <column name="GIABAN" not-null="true" />
        </property>
    </class>
</hibernate-mapping>
