<?xml version="1.0"?>
<!DOCTYPE hibernate-mapping PUBLIC "-//Hibernate/Hibernate Mapping DTD 3.0//EN"
"http://www.hibernate.org/dtd/hibernate-mapping-3.0.dtd">
<!-- Generated May 9, 2018 7:46:51 AM by Hibernate Tools 4.3.1 -->
<hibernate-mapping>
    <class name="model.POJO.Hoadon" table="HOADON" schema="TOAN" optimistic-lock="version">
        <id name="hoadonid" type="string">
            <column name="HOADONID" length="10" />
            <generator class="assigned" />
        </id>
        <property name="idkhachhang" type="string">
            <column name="IDKHACHHANG" length="10" not-null="true" />
        </property>
        <property name="ngayban" type="string">
            <column name="NGAYBAN" length="30" />
        </property>
    </class>
</hibernate-mapping>
