<?xml version="1.0"?>
<!DOCTYPE hibernate-mapping PUBLIC "-//Hibernate/Hibernate Mapping DTD 3.0//EN"
"http://www.hibernate.org/dtd/hibernate-mapping-3.0.dtd">
<!-- Generated May 9, 2018 7:46:51 AM by Hibernate Tools 4.3.1 -->
<hibernate-mapping>
    <class name="model.POJO.Khachhang" table="KHACHHANG" schema="TOAN" optimistic-lock="version">
        <id name="idkhachhang" type="string">
            <column name="IDKHACHHANG" length="10" />
            <generator class="assigned" />
        </id>
        <property name="tenkhachhang" type="string">
            <column name="TENKHACHHANG" length="30" not-null="true" />
        </property>
        <property name="diachi" type="string">
            <column name="DIACHI" length="25" not-null="true" />
        </property>
        <property name="sodienthoai" type="string">
            <column name="SODIENTHOAI" length="12" not-null="true" />
        </property>
    </class>
</hibernate-mapping>
