<?xml version="1.0"?>
<!DOCTYPE hibernate-mapping PUBLIC "-//Hibernate/Hibernate Mapping DTD 3.0//EN"
"http://www.hibernate.org/dtd/hibernate-mapping-3.0.dtd">
<!-- Generated May 9, 2018 7:46:51 AM by Hibernate Tools 4.3.1 -->
<hibernate-mapping>
    <class name="model.POJO.Sanpham" table="SANPHAM" schema="TOAN" optimistic-lock="version">
        <id name="sanphamid" type="string">
            <column name="SANPHAMID" length="10" />
            <generator class="assigned" />
        </id>
        <property name="tensp" type="string">
            <column name="TENSP" length="30" not-null="true" />
        </property>
        <property name="gia" type="int">
            <column name="GIA" not-null="true" />
        </property>
        <property name="sl" type="int">
            <column name="SL" not-null="true" />
        </property>
        <property name="dvt" type="string">
            <column name="DVT" length="20" not-null="true" />
        </property>
    </class>
</hibernate-mapping>
