<?xml version="1.0"?>
<!DOCTYPE hibernate-mapping PUBLIC "-//Hibernate/Hibernate Mapping DTD 3.0//EN"
"http://www.hibernate.org/dtd/hibernate-mapping-3.0.dtd">
<!-- Generated May 6, 2018 2:06:00 PM by Hibernate Tools 4.3.1 -->
<hibernate-mapping>
    <class name="model.POJO.Bandoc" table="BANDOC" schema="TOAN" optimistic-lock="version">
        <id name="idbandoc" type="string">
            <column name="IDBANDOC" length="10" />
            <generator class="assigned" />
        </id>
        <property name="tenbandoc" type="string">
            <column name="TENBANDOC" length="30" not-null="true" />
        </property>
        <property name="diachi" type="string">
            <column name="DIACHI" length="30" not-null="true" />
        </property>
        <property name="sodienthoai" type="string">
            <column name="SODIENTHOAI" length="12" not-null="true" />
        </property>
        <property name="email" type="string">
            <column name="EMAIL" length="30" not-null="true" />
        </property>
        <property name="lop" type="string">
            <column name="LOP" length="20" not-null="true" />
        </property>
    </class>
</hibernate-mapping>
