<?xml version="1.0"?>
<!DOCTYPE hibernate-mapping PUBLIC "-//Hibernate/Hibernate Mapping DTD 3.0//EN"
"http://www.hibernate.org/dtd/hibernate-mapping-3.0.dtd">
<!-- Generated May 6, 2018 2:06:00 PM by Hibernate Tools 4.3.1 -->
<hibernate-mapping>
    <class name="model.POJO.Loaisach" table="LOAISACH" schema="TOAN" optimistic-lock="version">
        <id name="idloaisach" type="string">
            <column name="IDLOAISACH" length="10" />
            <generator class="assigned" />
        </id>
        <property name="tenloaisach" type="string">
            <column name="TENLOAISACH" length="30" not-null="true" />
        </property>
    </class>
</hibernate-mapping>
