<?xml version="1.0"?>
<!DOCTYPE hibernate-mapping PUBLIC "-//Hibernate/Hibernate Mapping DTD 3.0//EN"
"http://www.hibernate.org/dtd/hibernate-mapping-3.0.dtd">
<!-- Generated May 6, 2018 2:06:00 PM by Hibernate Tools 4.3.1 -->
<hibernate-mapping>
    <class name="model.POJO.Sach" table="SACH" schema="TOAN" optimistic-lock="version">
        <id name="idsach" type="string">
            <column name="IDSACH" length="10" />
            <generator class="assigned" />
        </id>
        <property name="tensach" type="string">
            <column name="TENSACH" length="30" not-null="true" />
        </property>
        <property name="tacgia" type="string">
            <column name="TACGIA" length="30" not-null="true" />
        </property>
        <property name="ngonngu" type="string">
            <column name="NGONNGU" length="30" not-null="true" />
        </property>
        <property name="ngaysanxuat" type="string">
            <column name="NGAYSANXUAT" length="30" not-null="true" />
        </property>
        <property name="idloaisach" type="string">
            <column name="IDLOAISACH" length="10" />
        </property>
    </class>
</hibernate-mapping>
