<?xml version="1.0" encoding="UTF-8"?>
<project-private xmlns="http://www.netbeans.org/ns/project-private/1">
    <editor-bookmarks xmlns="http://www.netbeans.org/ns/editor-bookmarks/2" lastBookmarkId="0"/>
    <open-files xmlns="http://www.netbeans.org/ns/projectui-open-files/2">
        <group>
            <file>file:/G:/JaVa/QuanLyBanHang1/src/APPForm/HoadonForm.java</file>
            <file>file:/G:/JaVa/QuanLyBanHang1/src/hibernate.reveng.xml</file>
            <file>file:/G:/JaVa/QuanLyBanHang1/src/Presenter/PresenterChiTietHoaDon.java</file>
            <file>file:/G:/JaVa/QuanLyBanHang1/src/model/POJO/CthdId.java</file>
            <file>file:/G:/JaVa/QuanLyBanHang1/src/Presenter/PresenterHoadon.java</file>
            <file>file:/G:/JaVa/QuanLyBanHang1/src/APPForm/PhuTro/DataConvert.java</file>
        </group>
    </open-files>
</project-private>
